,Beech,Birch,Douglas fir,Fir,Larch,Maples,Oaks,Pine,Spruce,accuracy,macro avg,weighted avg
precision,0.9873073436083409,0.9824561403508771,0.7136659436008677,0.36423841059602646,0.5993740219092332,0.6525679758308157,0.9826546003016591,0.9824070371851259,0.9800119331742243,0.909389167263183,0.8049648229507967,0.9448498463593622
recall,0.9617309390638799,0.99644128113879,0.9189944134078212,0.8997955010224948,0.9770408163265306,0.8888888888888888,0.9848828420256992,0.8627106741573034,0.8838961388403067,0.909389167263183,0.9304868327635238,0.909389167263183
f1-score,0.9743513271696987,0.9893992932862191,0.8034188034188035,0.5185621685327048,0.7429679922405431,0.7526132404181185,0.9837674594186485,0.9186763881099271,0.9294758435311594,0.909389167263183,0.8459147240139804,0.920420580371049
support,3397.0,281.0,358.0,489.0,392.0,243.0,1323.0,2848.0,7433.0,0.909389167263183,16764.0,16764.0
