,Beech,Birch,Douglas fir,Fir,Larch,Maples,Oaks,Pine,Spruce,accuracy,macro avg,weighted avg
precision,0.9932630345635618,1.0,0.9654178674351584,0.8063872255489022,0.9020100502512562,0.9955555555555555,0.9924471299093656,0.9869257950530035,0.9848220282068503,0.9801956573610117,0.9585365207248504,0.9803459658070076
recall,0.9982337356491021,0.99644128113879,0.9357541899441341,0.8261758691206544,0.9158163265306123,0.9218106995884774,0.9931972789115646,0.980688202247191,0.9864119467240683,0.9801956573610117,0.950503281094955,0.9801956573610117
f1-score,0.9957421817647922,0.9982174688057041,0.950354609929078,0.8161616161616162,0.9088607594936708,0.9572649572649573,0.9928220627125047,0.9837971116590348,0.9856163462831026,0.9801956573610117,0.9543152348971622,0.9802373030350644
support,3397.0,281.0,358.0,489.0,392.0,243.0,1323.0,2848.0,7433.0,0.9801956573610117,16764.0,16764.0
