,Beech,Birch,Douglas fir,Fir,Larch,Maples,Oaks,Pine,Spruce,accuracy,macro avg,weighted avg
precision,0.992822966507177,0.95,0.6222627737226277,0.40176991150442476,0.6542553191489362,0.7871621621621622,0.9617117117117117,0.9541034616880592,0.9892521271831617,0.9152946790742066,0.8125933815142511,0.9454364103012204
recall,0.9773329408301442,0.9466192170818505,0.952513966480447,0.9284253578732107,0.9413265306122449,0.9588477366255144,0.9682539682539683,0.8613061797752809,0.8915646441544464,0.9152946790742066,0.9362433935207898,0.9152946790742066
f1-score,0.9850170597834149,0.948306595365419,0.7527593818984547,0.560840024706609,0.7719665271966527,0.8645640074211502,0.9649717514124294,0.905333087285477,0.9378714973110671,0.9152946790742066,0.8546255480422972,0.9243176311064419
support,3397.0,281.0,358.0,489.0,392.0,243.0,1323.0,2848.0,7433.0,0.9152946790742066,16764.0,16764.0
