,Beech,Birch,Douglas fir,Fir,Larch,Maples,Oaks,Pine,Spruce,accuracy,macro avg,weighted avg
precision,0.9455228553537883,0.9101123595505618,0.38705234159779617,0.3795130142737196,0.5319488817891374,0.25442834138486314,0.8845577211394303,0.9271395528141866,0.9747222669457414,0.8426389883082797,0.6883330372054695,0.9018165882396931
recall,0.8890197232852517,0.8647686832740213,0.7849162011173184,0.9243353783231084,0.8494897959183674,0.6502057613168725,0.891912320483749,0.8444522471910112,0.8144759854702005,0.8426389883082797,0.8348417884866556,0.8426389883082797
f1-score,0.9164011530875437,0.8868613138686131,0.518450184501845,0.5380952380952381,0.6542239685658153,0.36574074074074076,0.8882197967632668,0.8838662256523337,0.8874230430958663,0.8426389883082797,0.726586851596807,0.8616600191183917
support,3397.0,281.0,358.0,489.0,392.0,243.0,1323.0,2848.0,7433.0,0.8426389883082797,16764.0,16764.0
