,Beech,Birch,Douglas fir,Fir,Larch,Maples,Oaks,Pine,Spruce,accuracy,macro avg,weighted avg
precision,0.8788659793814433,0.6870503597122302,0.28758949880668255,0.17960954446854663,0.2059079061685491,0.1711229946524064,0.7805065234075211,0.8524426719840479,0.9007196899797011,0.6684562157003102,0.5493127965067921,0.814070036606553
recall,0.7026788342655285,0.6797153024911032,0.6731843575418994,0.8466257668711656,0.6045918367346939,0.5267489711934157,0.7687074829931972,0.6004213483146067,0.6566662182160635,0.6684562157003102,0.6732600131801859,0.6684562157003102
f1-score,0.7809586127924096,0.6833631484794276,0.40301003344481606,0.2963493199713672,0.30719377835385614,0.25832492431886983,0.7745620715917746,0.7045735475896168,0.7595704948646125,0.6684562157003102,0.5519895479340833,0.715496620861476
support,3397.0,281.0,358.0,489.0,392.0,243.0,1323.0,2848.0,7433.0,0.6684562157003102,16764.0,16764.0
